<assembly>
    <id>war-dist</id>

    <formats>
        <format>zip</format>
    </formats>
    <includeBaseDirectory>false</includeBaseDirectory>

    <dependencySets>
        <dependencySet>
            <unpack>false</unpack>
            <useTransitiveDependencies>true</useTransitiveDependencies>
            <useTransitiveFiltering>true</useTransitiveFiltering>
            <includes>
                <include>org.keycloak:keycloak-jetty81-adapter</include>
            </includes>
            <excludes>
                <exclude>org.eclipse.jetty:jetty-server</exclude>
                <exclude>org.eclipse.jetty:jetty-util</exclude>
                <exclude>org.eclipse.jetty:jetty-security</exclude>
            </excludes>
            <outputDirectory>lib/keycloak</outputDirectory>
        </dependencySet>
    </dependencySets>
</assembly>
