{
    "admin": {
        "realm": "master"
    },

    "eventsStore": {
        "provider": "jpa",
        "jpa": {
            "exclude-events": [ "REFRESH_TOKEN" ]
        }
    },

    "model": {
        "provider": "jpa"
    },

    "userSessions": {
        "provider" : "mem"
    },

    "modelCache": {
        "provider": "${keycloak.model.cache.provider:}"
    },

    "timer": {
        "provider": "basic"
    },

    "theme": {
        "default": "keycloak",
        "staticMaxAge": 2592000,
        "cacheTemplates": true,
        "cacheThemes": true,
        "folder": {
            "dir": "${jboss.server.config.dir}/themes"
        }
    },

    "login": {
        "provider": "freemarker"
    },

    "account": {
        "provider": "freemarker"
    },

    "email": {
        "provider": "freemarker"
    },

    "scheduled": {
        "interval": 900
    }
}