<assembly>
    <id>dist</id>

    <formats>
        <format>zip</format>
    </formats>
    <includeBaseDirectory>false</includeBaseDirectory>

    <fileSets>
        <fileSet>
            <directory>../../</directory>
            <includes>
                <include>License.html</include>
            </includes>
            <outputDirectory></outputDirectory>
        </fileSet>
        <fileSet>
            <directory>${project.build.directory}/modules</directory>
            <outputDirectory></outputDirectory>
        </fileSet>
    </fileSets>
</assembly>
