<assembly>
    <id>war-dist</id>

    <formats>
        <format>zip</format>
    </formats>
    <includeBaseDirectory>false</includeBaseDirectory>

    <fileSets>
        <fileSet>
            <directory>../../</directory>
            <includes>
                <include>License.html</include>
            </includes>
            <outputDirectory></outputDirectory>
        </fileSet>
        <fileSet>
            <directory>.</directory>
            <includes>
                <include>index.html</include>
            </includes>
            <outputDirectory>docs</outputDirectory>
        </fileSet>
        <fileSet>
            <directory>../../target/site/apidocs</directory>
            <outputDirectory>docs/javadocs</outputDirectory>
        </fileSet>
        <fileSet>
            <directory>../../services/target/site/apidocs</directory>
            <outputDirectory>docs/rest-api</outputDirectory>
        </fileSet>
        <fileSet>
            <directory>../../docbook/target/docbook/publish/en-US</directory>
            <outputDirectory>docs/userguide</outputDirectory>
        </fileSet>
        <fileSet>
            <directory>target/examples</directory>
            <outputDirectory>examples</outputDirectory>
            <excludes>
                <exclude>**/.svn/**</exclude>
                <exclude>**/target/**</exclude>
                <exclude>**/*.iml</exclude>
            </excludes>
        </fileSet>
    </fileSets>
</assembly>
