<assembly>
    <id>war-dist</id>

    <formats>
        <format>zip</format>
    </formats>
    <includeBaseDirectory>false</includeBaseDirectory>

    <dependencySets>
        <dependencySet>
            <unpack>false</unpack>
            <useTransitiveDependencies>true</useTransitiveDependencies>
            <useTransitiveFiltering>true</useTransitiveFiltering>
            <includes>
                <include>org.keycloak:keycloak-tomcat8-adapter</include>
            </includes>
            <excludes>
                <exclude>org.apache.tomcat:tomcat-servlet-api</exclude>
                <exclude>org.apache.tomcat:tomcat-catalina</exclude>
            </excludes>
            <outputDirectory></outputDirectory>
        </dependencySet>
    </dependencySets>
</assembly>
