<assembly>
    <id>docker-cluster</id>

    <formats>
        <format>dir</format>
    </formats>
    <includeBaseDirectory>false</includeBaseDirectory>

    <fileSets>
        <fileSet>
            <directory>../../examples/demo-template</directory>
            <outputDirectory>examples</outputDirectory>
            <includes>
                <include>**/target/*.war</include>
                <include>**/testrealm.json</include>
            </includes>
        </fileSet>
        <fileSet>
            <directory>target/deployments</directory>
            <outputDirectory>deployments</outputDirectory>
            <excludes>
                <exclude>**/keycloak-ds.xml</exclude>
            </excludes>
        </fileSet>
        <fileSet>
            <directory>target/wildfly-adapter</directory>
            <outputDirectory>wildfly-adapter</outputDirectory>
        </fileSet>
        <fileSet>
            <directory>target/as7-adapter</directory>
            <outputDirectory>as7-adapter</outputDirectory>
        </fileSet>
        <fileSet>
            <directory>target/eap63-adapter</directory>
            <outputDirectory>eap63-adapter</outputDirectory>
        </fileSet>
        <fileSet>
            <directory>shared-files</directory>
            <outputDirectory>shared-files</outputDirectory>
        </fileSet>
    </fileSets>
</assembly>
