<assembly>
    <id>war-dist</id>

    <formats>
        <format>zip</format>
    </formats>
    <includeBaseDirectory>true</includeBaseDirectory>

    <fileSets>
        <fileSet>
            <directory>${project.build.directory}/unpacked/js-adapter</directory>
            <outputDirectory></outputDirectory>
            <includes>
                <include>**/*.js</include>
                <include>**/*.html</include>
            </includes>
        </fileSet>
    </fileSets>
</assembly>
