<assembly>
    <id>war-dist</id>

    <formats>
        <format>zip</format>
    </formats>
    <includeBaseDirectory>true</includeBaseDirectory>

    <fileSets>
        <fileSet>
            <directory>${project.build.directory}/unpacked</directory>
            <outputDirectory></outputDirectory>
            <excludes>
                <exclude>**/js-adapter/**</exclude>
            </excludes>
        </fileSet>
        <!--
         <fileSet>
            <directory>${project.build.directory}/unpacked/js-adapter</directory>
            <outputDirectory>adapters/js-adapter</outputDirectory>
            <includes>
                <include>**/*.js</include>
                <include>**/*.html</include>
            </includes>
        </fileSet>
        -->
    </fileSets>
    <dependencySets>
        <!--
        <dependencySet>
            <unpack>false</unpack>
            <useTransitiveDependencies>false</useTransitiveDependencies>
            <includes>
                <include>org.keycloak:keycloak-wildfly-adapter-dist:zip</include>
                <include>org.keycloak:keycloak-as7-adapter-dist:zip</include>
                <include>org.keycloak:keycloak-eap6-adapter-dist:zip</include>
                <include>org.keycloak:keycloak-tomcat6-adapter-dist:zip</include>
                <include>org.keycloak:keycloak-tomcat7-adapter-dist:zip</include>
                <include>org.keycloak:keycloak-tomcat8-adapter-dist:zip</include>
                <include>org.keycloak:keycloak-jetty81-adapter-dist:zip</include>
                <include>org.keycloak:keycloak-jetty91-adapter-dist:zip</include>
                <include>org.keycloak:keycloak-jetty92-adapter-dist:zip</include>
            </includes>
            <outputDirectory>adapters</outputDirectory>
        </dependencySet>
        -->
        <dependencySet>
            <unpack>true</unpack>
            <useTransitiveDependencies>false</useTransitiveDependencies>
            <includes>
                <include>org.keycloak:keycloak-example-themes-dist:zip</include>
            </includes>
            <outputDirectory>configuration</outputDirectory>
        </dependencySet>
    </dependencySets>
    <!--
    <moduleSets>
        <moduleSet>
            <useAllReactorProjects>true</useAllReactorProjects>
            <includes>
                <include>org.keycloak:keycloak-wildfly-adapter-dist</include>
            </includes>
            <binaries>
                <outputDirectory>adapters</outputDirectory>
                <attachmentClassifier>zip</attachmentClassifier>
                <includeDependencies>false</includeDependencies>
                <unpack>false</unpack>
            </binaries>
        </moduleSet>
    </moduleSets>
    -->
</assembly>
